{
    "Year": [
        2026,
        2027,
        2028,
        2029,
        2030,
        2031,
        2032,
        2033,
        2034,
        2035
    ],
    "baseline": [
        29560.77796767181,
        29560.77796767181,
        29560.77796767181,
        29560.77796767181,
        29560.77796767181,
        29560.77796767181,
        29560.77796767181,
        29560.77796767181,
        29560.77796767181,
        29560.77796767181
    ],
    "optimistic": [
        29560.77796767181,
        29560.77796767181,
        29560.77796767181,
        29560.77796767181,
        29560.77796767181,
        29560.77796767181,
        29560.77796767181,
        29560.77796767181,
        29560.77796767181,
        29560.77796767181
    ],
    "pessimistic": [
        29560.77796767181,
        29560.77796767181,
        29560.77796767181,
        29560.77796767181,
        29560.77796767181,
        29560.77796767181,
        29560.77796767181,
        29560.77796767181,
        29560.77796767181,
        29560.77796767181
    ]
}